City_ID,City,Country,Date,Lat,Lng,Max Temp,Humidity,Cloudiness,Wind Speed
0,Kodiak,US,2022-08-10 19:59:52,57.79,-152.4072,52.16,97,100,8.05
1,Arraial Do Cabo,BR,2022-08-10 19:59:53,-22.9661,-42.0278,73.36,83,75,3.44
2,Warrington,GB,2022-08-10 19:59:53,53.3925,-2.5802,77.72,55,0,8.05
3,Punta Arenas,CL,2022-08-10 19:57:42,-53.15,-70.9167,44.71,76,0,6.91
4,Bluff,NZ,2022-08-10 19:59:54,-46.6,168.3333,41.68,69,98,8.1
5,Menongue,AO,2022-08-10 19:59:55,-14.6585,17.691,59.2,22,0,4.03
6,Atuona,PF,2022-08-10 19:59:33,-9.8,-139.0333,77.38,77,7,23.17
7,Vila Franca Do Campo,PT,2022-08-10 19:59:56,37.7167,-25.4333,72.01,70,63,7.14
8,Qaanaaq,GL,2022-08-10 19:59:57,77.484,-69.3632,38.53,63,83,1.99
9,Mar Del Plata,AR,2022-08-10 19:57:06,-38.0023,-57.5575,57.94,56,40,12.66
10,Rikitea,PF,2022-08-10 19:57:04,-23.1203,-134.9692,73.27,75,83,21.23
11,Muisne,EC,2022-08-10 19:59:59,0.6,-80.0333,75.38,82,100,12.41
12,Bilibino,RU,2022-08-10 20:00:00,68.0546,166.4372,62.37,83,16,1.66
13,Belaya Gora,RU,2022-08-10 19:59:58,68.5333,146.4167,63.14,59,48,1.14
14,Pevek,RU,2022-08-10 20:00:01,69.7008,170.3133,38.43,94,97,5.64
15,Beringovskiy,RU,2022-08-10 20:00:01,63.05,179.3167,56.34,77,9,7.43
16,Qaqortoq,GL,2022-08-10 20:00:02,60.7167,-46.0333,44.89,81,100,5.12
17,Bajram Curri,AL,2022-08-10 20:00:03,42.3554,20.0784,68.29,79,82,5.53
18,Port Alfred,ZA,2022-08-10 20:00:04,-33.5906,26.891,60.1,85,89,6.22
19,Carnarvon,AU,2022-08-10 20:00:05,-24.8667,113.6333,57.36,55,0,17.25
20,Butaritari,KI,2022-08-10 20:00:06,3.0707,172.7902,81.1,78,75,17.9
21,Kibungo,RW,2022-08-10 20:00:07,-2.1597,30.5427,72.52,42,90,2.28
22,Georgetown,MY,2022-08-10 19:56:07,5.4112,100.3354,80.89,89,20,1.14
23,Vaini,TO,2022-08-10 20:00:10,-21.2,-175.2,77.23,87,2,19.33
24,Ostrovnoy,RU,2022-08-10 20:00:12,68.0531,39.5131,58.33,73,100,21.99
25,Leh,IN,2022-08-10 20:00:13,34.1667,77.5833,69.46,39,100,4.99
26,Safaga,EG,2022-08-10 20:00:14,26.7292,33.9365,90.95,39,33,12.97
27,Longyearbyen,SJ,2022-08-10 20:00:14,78.2186,15.6401,49.84,71,75,11.5
28,Kidal,ML,2022-08-10 20:00:15,18.4411,1.4078,86.63,45,61,20.69
29,Ushuaia,AR,2022-08-10 20:00:15,-54.8,-68.3,38.84,96,100,3.98
30,Mount Isa,AU,2022-08-10 20:00:16,-20.7333,139.5,44.37,61,0,0.0
31,Tuktoyaktuk,CA,2022-08-10 20:00:17,69.4541,-133.0374,46.53,76,100,21.97
32,Wad Madani,SD,2022-08-10 20:00:18,14.4012,33.5199,78.46,72,100,15.7
33,Leningradskiy,RU,2022-08-10 20:00:18,69.3833,178.4167,43.93,89,81,2.24
34,New Norfolk,AU,2022-08-10 20:00:19,-42.7826,147.0587,39.9,79,29,2.75
35,Severo-Kurilsk,RU,2022-08-10 20:00:19,50.6789,156.125,54.99,94,54,10.42
36,Toma,BF,2022-08-10 20:00:20,12.7667,-2.8833,81.23,70,18,5.46
37,Lagoa,PT,2022-08-10 20:00:21,39.05,-27.9833,71.11,71,65,7.7
38,Bredasdorp,ZA,2022-08-10 20:00:21,-34.5322,20.0403,52.95,93,100,3.29
39,Hamilton,US,2022-08-10 19:57:55,39.1834,-84.5333,85.64,72,94,4.0
40,Astoria,US,2022-08-10 19:55:46,46.1879,-123.8313,67.71,82,95,7.0
41,Cobija,BO,2022-08-10 20:00:23,-11.0267,-68.7692,80.78,44,14,5.35
42,Provideniya,RU,2022-08-10 20:00:25,64.3833,-173.3,50.83,88,100,5.86
43,Saint-Philippe,RE,2022-08-10 20:00:25,-21.3585,55.7679,67.59,77,55,15.95
44,Avarua,CK,2022-08-10 20:00:26,-21.2078,-159.775,75.25,73,20,12.66
45,Torbay,CA,2022-08-10 20:00:12,47.6666,-52.7314,58.75,84,100,14.0
46,Albany,US,2022-08-10 20:00:02,42.6001,-73.9662,79.95,62,17,5.41
47,Sergeyevka,KZ,2022-08-10 20:01:27,53.88,67.4158,61.7,89,21,6.71
48,Tasiilaq,GL,2022-08-10 20:01:29,65.6145,-37.6368,42.96,78,100,6.22
49,Key Largo,US,2022-08-10 20:00:08,25.0865,-80.4473,90.0,60,58,13.53
50,Itaituba,BR,2022-08-10 20:01:21,-4.2761,-55.9836,99.55,22,74,1.97
51,Ribeira Grande,PT,2022-08-10 20:01:30,38.5167,-28.7,75.6,78,40,2.3
52,Puerto Ayora,EC,2022-08-10 20:01:30,-0.7393,-90.3518,72.55,84,86,7.0
53,Sur,OM,2022-08-10 20:01:31,22.5667,59.5289,88.52,57,100,10.47
54,Hermanus,ZA,2022-08-10 20:01:32,-34.4187,19.2345,54.81,88,87,8.7
55,Sao Filipe,CV,2022-08-10 20:01:33,14.8961,-24.4956,78.84,86,62,7.25
56,Seoul,KR,2022-08-10 20:00:21,37.5683,126.9778,74.59,100,100,4.61
57,Ilhabela,BR,2022-08-10 20:01:34,-23.7781,-45.3581,69.87,47,0,16.49
58,Saint Andrews,US,2022-08-10 20:01:35,34.0454,-81.1293,92.86,53,81,12.91
59,Baiyin,CN,2022-08-10 20:01:36,36.5583,104.2081,74.89,69,100,4.59
60,Beeville,US,2022-08-10 20:01:36,28.4008,-97.7483,102.29,30,40,10.36
61,Mataura,NZ,2022-08-10 20:01:37,-46.1927,168.8643,34.38,95,75,2.59
62,Lagos,NG,2022-08-10 19:59:52,6.5833,3.75,77.32,85,87,7.16
63,Loandjili,CG,2022-08-10 20:01:38,-4.7561,11.8578,69.82,88,4,4.7
64,Paso De Los Toros,UY,2022-08-10 20:01:38,-32.8167,-56.5167,54.88,65,100,5.77
65,Kayes,ML,2022-08-10 20:01:39,14.0,-11.0,79.66,86,100,6.4
66,Ellensburg,US,2022-08-10 20:01:39,46.9965,-120.5479,92.46,36,0,7.0
67,Kavaratti,IN,2022-08-10 20:01:40,10.5669,72.642,81.52,82,86,23.53
68,Havre-Saint-Pierre,CA,2022-08-10 20:01:40,50.2334,-63.5986,63.25,74,6,10.07
69,Airai,TL,2022-08-10 20:01:41,-8.9266,125.4092,56.71,61,71,2.48
70,Kapaa,US,2022-08-10 20:01:41,22.0752,-159.319,81.48,78,46,4.0
71,Kruisfontein,ZA,2022-08-10 20:01:42,-34.0033,24.7314,52.88,88,99,4.68
72,Saint-Pierre,RE,2022-08-10 19:57:47,-21.3393,55.4781,68.92,70,0,20.71
73,Richards Bay,ZA,2022-08-10 20:01:43,-28.783,32.0377,65.68,89,2,3.27
74,Ola,RU,2022-08-10 20:01:44,59.5833,151.2833,55.44,88,100,5.12
75,Lavrentiya,RU,2022-08-10 20:01:45,65.5833,-171.0,50.65,71,100,7.63
76,Morondava,MG,2022-08-10 20:01:46,-20.2833,44.2833,71.2,58,0,11.5
77,Urumqi,CN,2022-08-10 19:58:02,43.801,87.6005,70.75,60,0,6.71
78,Dikson,RU,2022-08-10 20:01:47,73.5069,80.5464,42.35,91,99,8.34
79,Bandipur,NP,2022-08-10 20:01:48,27.9333,84.4167,67.17,98,100,4.76
80,Biella,IT,2022-08-10 20:01:49,45.5871,8.0859,71.55,85,79,7.74
81,Adrar,MR,2022-08-10 20:01:49,20.5022,-10.0711,101.59,12,16,9.44
82,Jamestown,US,2022-08-10 19:57:19,42.097,-79.2353,79.02,48,4,5.01
83,Te Anau,NZ,2022-08-10 20:01:50,-45.4167,167.7167,31.42,95,32,2.98
84,Barrow,US,2022-08-10 20:01:51,71.2906,-156.7887,46.42,76,100,14.97
85,Bilisht,AL,2022-08-10 20:01:51,40.6275,20.99,67.17,58,99,3.11
86,Hasilpur,PK,2022-08-10 20:01:52,29.7122,72.5553,94.46,50,32,7.38
87,Husavik,IS,2022-08-10 20:01:54,66.0449,-17.3389,45.14,87,95,10.96
88,Jinxi,CN,2022-08-10 20:01:54,30.4323,116.2922,81.72,69,98,2.64
89,Hobart,AU,2022-08-10 19:59:04,-42.8794,147.3294,40.26,86,11,1.01
90,Bandarbeyla,SO,2022-08-10 20:01:55,9.4942,50.8122,77.41,81,89,32.44
91,Rawson,AR,2022-08-10 19:59:08,-43.3002,-65.1023,56.34,43,100,4.94
92,Donji Milanovac,RS,2022-08-10 20:01:56,44.4627,22.1523,70.7,64,3,3.31
93,Chokurdakh,RU,2022-08-10 19:57:21,70.6333,147.9167,57.88,60,44,9.69
94,Saskylakh,RU,2022-08-10 20:02:57,71.9167,114.0833,45.59,87,46,10.4
95,Busselton,AU,2022-08-10 20:02:58,-33.65,115.3333,51.62,80,40,4.56
96,Langarud,IR,2022-08-10 20:02:59,37.197,50.1535,76.15,75,13,1.43
97,Soller,ES,2022-08-10 20:03:00,39.7662,2.7152,87.42,61,0,1.01
98,Zykovo,RU,2022-08-10 20:03:01,55.9519,93.1461,56.14,94,6,2.3
99,Tabriz,IR,2022-08-10 20:00:11,38.08,46.2919,78.26,36,0,18.41
100,San Cristobal,VE,2022-08-10 20:03:02,7.7669,-72.225,71.94,83,100,5.1
101,Tymovskoye,RU,2022-08-10 20:03:03,50.8456,142.655,56.62,82,91,4.83
102,Gashua,NG,2022-08-10 20:03:03,12.871,11.0482,90.97,39,93,6.4
103,Lompoc,US,2022-08-10 20:03:04,34.6391,-120.4579,91.69,65,0,13.8
104,Finschhafen,PG,2022-08-10 20:03:04,-6.6024,147.8681,76.98,87,100,5.55
105,Kluczbork,PL,2022-08-10 20:03:05,50.9728,18.2182,64.35,52,98,6.62
106,Hithadhoo,MV,2022-08-10 20:03:05,-0.6,73.0833,82.0,73,42,7.56
107,Borogontsy,RU,2022-08-10 20:03:06,62.6683,131.1683,55.62,96,99,5.75
108,La Asuncion,VE,2022-08-10 20:03:07,11.0333,-63.8628,83.89,71,94,7.61
109,Chilca,PE,2022-08-10 20:03:08,-12.5211,-76.7372,63.68,77,5,8.25
110,Bhopal,IN,2022-08-10 19:58:14,23.2667,77.4,74.44,98,100,2.77
111,Lebu,CL,2022-08-10 20:03:09,-37.6167,-73.65,51.66,74,1,4.23
112,Miyakonojo,JP,2022-08-10 20:03:09,31.7333,131.0667,78.44,97,19,0.63
113,Ossora,RU,2022-08-10 20:03:10,59.2353,163.0719,54.39,94,100,13.62
114,Lima,PE,2022-08-10 20:02:02,-12.0432,-77.0282,64.78,70,24,8.99
115,Ponta Do Sol,PT,2022-08-10 20:03:13,32.6667,-17.1,73.71,77,50,5.91
116,Sitka,US,2022-08-10 20:02:49,57.0531,-135.33,59.22,90,100,2.39
117,Hilo,US,2022-08-10 20:03:13,19.7297,-155.09,85.28,78,75,5.01
118,Bonnyville,CA,2022-08-10 19:59:53,54.2668,-110.735,76.03,45,3,14.7
119,Itanagar,IN,2022-08-10 20:03:15,27.1,93.6167,75.22,94,7,2.55
120,Sivaki,RU,2022-08-10 20:03:15,52.6333,126.75,50.54,98,98,4.74
121,Verkhnyaya Inta,RU,2022-08-10 20:03:16,65.9811,60.3094,49.26,68,87,8.25
122,Khatanga,RU,2022-08-10 20:03:16,71.9667,102.5,44.37,74,100,12.37
123,Clyde River,CA,2022-08-10 20:03:18,70.4692,-68.5914,42.91,70,99,4.88
124,Saldanha,ZA,2022-08-10 20:03:20,-33.0117,17.9442,56.48,92,100,2.95
125,Muzaffarnagar,IN,2022-08-10 20:03:21,29.4667,77.6833,79.3,85,96,7.7
126,Kenora,CA,2022-08-10 20:03:21,49.8167,-94.4337,74.79,33,2,9.73
127,Sioux Lookout,CA,2022-08-10 20:03:22,50.1001,-91.917,65.75,48,99,9.91
128,Muncar,ID,2022-08-10 20:03:22,-8.4333,114.3333,74.14,94,38,0.43
129,East London,ZA,2022-08-10 20:02:30,-33.0153,27.9116,62.58,76,63,4.72
130,Zhigansk,RU,2022-08-10 20:03:23,66.7697,123.3711,56.55,81,100,8.25
131,Araouane,ML,2022-08-10 20:03:23,18.9048,-3.5265,99.88,25,6,9.04
132,Port-Gentil,GA,2022-08-10 19:59:00,-0.7193,8.7815,75.16,83,100,11.5
133,Constitucion,CL,2022-08-10 20:02:10,-35.3333,-72.4167,55.17,66,0,12.26
134,Chuy,UY,2022-08-10 20:03:25,-33.6971,-53.4616,53.31,74,0,5.99
135,Rosetown,CA,2022-08-10 20:00:54,51.5501,-108.0014,81.7,27,100,15.46
136,Yulara,AU,2022-08-10 20:03:27,-25.2406,130.9889,51.75,49,100,4.38
137,Soma,TR,2022-08-10 20:03:27,39.1855,27.6094,71.91,81,7,10.38
138,Makoshyne,UA,2022-08-10 20:03:28,51.46,32.3396,61.7,89,100,10.92
139,Bethel,US,2022-08-10 20:01:13,41.3712,-73.414,87.37,55,3,4.81
140,Piacabucu,BR,2022-08-10 20:04:30,-10.4056,-36.4344,75.42,79,2,5.14
141,Guerrero Negro,MX,2022-08-10 20:04:32,27.9769,-114.0611,84.65,50,54,14.79
142,Ahipara,NZ,2022-08-10 20:04:32,-35.1667,173.1667,49.93,85,89,7.54
143,Auki,SB,2022-08-10 20:04:33,-8.7676,160.7034,76.42,89,57,3.94
144,Chapais,CA,2022-08-10 20:04:33,49.7834,-74.8492,78.62,36,24,13.67
145,Ula,IN,2022-08-10 20:04:34,22.7225,88.5556,78.78,89,100,0.0
146,Skara,SE,2022-08-10 20:04:34,58.3866,13.4384,64.74,81,99,5.01
147,Herat,AF,2022-08-10 20:04:35,34.5,62.0,72.41,21,0,31.18
148,Aljezur,PT,2022-08-10 20:04:35,37.3191,-8.8033,64.62,88,0,5.37
149,Newport,GB,2022-08-10 20:01:56,51.5877,-2.9984,80.71,50,8,7.85
150,Chon Daen,TH,2022-08-10 20:04:36,16.1895,100.8596,75.97,94,100,3.29
151,Ust-Omchug,RU,2022-08-10 20:04:37,61.15,149.6333,53.04,95,100,1.68
152,Biak,ID,2022-08-10 20:04:37,-0.9131,122.8766,75.34,89,100,7.25
153,Thompson,CA,2022-08-10 20:04:38,55.7435,-97.8558,72.79,31,14,6.2
154,Diego De Almagro,CL,2022-08-10 20:04:38,-26.3667,-70.05,77.27,11,3,6.64
155,Cockburn Town,TC,2022-08-10 20:04:39,21.4612,-71.1419,80.56,83,40,12.66
156,Olga,RU,2022-08-10 20:04:40,43.7444,135.2892,65.68,69,100,4.05
157,Egvekinot,RU,2022-08-10 20:04:42,66.3167,-179.1667,57.0,72,0,3.27
158,Darhan,MN,2022-08-10 20:04:42,49.4867,105.9228,58.86,93,100,1.68
159,Maragogi,BR,2022-08-10 20:04:43,-9.0122,-35.2225,75.2,76,2,5.28
160,Geraldton,AU,2022-08-10 20:04:44,-28.7667,114.6,41.41,93,0,6.91
161,Houma,US,2022-08-10 20:04:44,29.5958,-90.7195,86.0,79,0,8.05
162,Coihueco,CL,2022-08-10 20:04:45,-36.6167,-71.8333,54.34,62,0,4.61
163,Cidreira,BR,2022-08-10 20:04:45,-30.1811,-50.2056,60.37,68,5,9.26
164,Dharchula,IN,2022-08-10 20:04:45,29.85,80.5333,73.42,97,100,1.59
165,Basco,PH,2022-08-10 20:04:46,20.4487,121.9702,83.19,73,99,4.05
166,Parrita,CR,2022-08-10 20:04:47,9.5201,-84.3225,82.42,78,99,6.24
167,Hualmay,PE,2022-08-10 20:04:47,-11.0964,-77.6139,66.43,69,17,9.57
168,Maniitsoq,GL,2022-08-10 20:04:48,65.4167,-52.9,42.91,89,100,2.04
169,Lorengau,PG,2022-08-10 20:04:48,-2.0226,147.2712,80.42,81,100,8.46
170,Mrakovo,RU,2022-08-10 20:04:49,52.7161,56.6244,66.15,62,48,3.8
171,Kalemie,CD,2022-08-10 20:04:50,-5.9475,29.1947,72.01,53,59,2.28
172,Takoradi,GH,2022-08-10 20:04:51,4.8845,-1.7554,74.25,85,50,9.93
173,Constantine,DZ,2022-08-10 20:04:52,36.365,6.6147,81.81,41,0,10.36
174,Dedougou,BF,2022-08-10 20:04:53,12.4667,-3.4667,80.15,71,42,6.96
175,Matara,LK,2022-08-10 20:04:54,5.9485,80.5353,75.24,93,38,8.1
176,Bac Lieu,VN,2022-08-10 20:04:54,9.285,105.7244,80.15,81,100,11.83
177,Yellowknife,CA,2022-08-10 20:04:47,62.456,-114.3525,66.97,54,100,13.24
178,Castro,BR,2022-08-10 20:01:18,-24.7911,-50.0119,47.39,91,100,11.63
179,Mau,IN,2022-08-10 20:04:56,25.95,83.55,83.48,71,99,18.72
180,Sinnamary,GF,2022-08-10 20:04:57,5.3833,-52.95,82.99,76,27,9.86
181,Gympie,AU,2022-08-10 20:04:58,-26.1898,152.665,54.32,79,98,3.13
182,Nikolskoye,RU,2022-08-10 20:05:00,59.7035,30.7861,58.91,77,29,2.19
183,Ocala,US,2022-08-10 20:03:32,29.1872,-82.1401,95.18,60,20,5.75
184,Asau,RO,2022-08-10 20:05:01,46.4333,26.4,63.52,87,69,4.79
185,Grindavik,IS,2022-08-10 20:05:02,63.8424,-22.4338,50.47,87,75,11.5
186,Dingle,PH,2022-08-10 20:02:07,10.9995,122.6711,75.33,89,99,1.52
187,Victoria,HK,2022-08-10 20:06:02,22.2855,114.1577,83.32,85,100,14.0
188,Nizwa,OM,2022-08-10 20:06:03,22.9333,57.5333,92.7,34,100,4.68
189,Bengkulu,ID,2022-08-10 20:06:05,-3.8004,102.2655,74.98,88,37,3.89
190,Esperance,AU,2022-08-10 20:06:05,-33.8667,121.9,53.44,74,47,18.86
191,Luanda,AO,2022-08-10 20:06:06,-8.8368,13.2343,68.0,88,0,10.36
192,Cayenne,GF,2022-08-10 20:06:07,4.9333,-52.3333,85.08,32,47,3.44
193,Arenapolis,BR,2022-08-10 20:06:07,-14.4503,-56.8461,74.73,31,100,7.96
194,La Roda,ES,2022-08-10 20:06:08,39.2167,-2.15,83.41,39,7,13.73
195,Cape Town,ZA,2022-08-10 20:02:08,-33.9258,18.4232,57.11,91,89,5.01
196,Oranjemund,NA,2022-08-10 20:06:09,-28.55,16.4333,54.1,91,100,5.88
197,Upernavik,GL,2022-08-10 20:02:35,72.7868,-56.1549,41.04,84,99,9.4
198,Prince Rupert,CA,2022-08-10 20:06:10,54.3161,-130.3201,67.32,66,0,5.66
199,Kattivakkam,IN,2022-08-10 20:06:10,13.2167,80.3167,87.08,68,100,15.14
200,Kysyl-Syr,RU,2022-08-10 20:06:11,63.8986,122.7617,54.0,96,11,5.1
201,Teknaf,BD,2022-08-10 20:06:12,20.8624,92.3058,76.51,94,99,8.79
202,Fortuna,US,2022-08-10 20:06:12,40.5982,-124.1573,75.92,67,20,12.66
203,Galle,LK,2022-08-10 20:06:13,6.0367,80.217,77.41,90,58,8.93
204,Rockhampton,AU,2022-08-10 20:06:14,-23.3833,150.5,55.29,88,3,8.05
205,Belmonte,BR,2022-08-10 20:06:14,-15.8631,-38.8828,75.29,70,0,14.05
206,Gorin,RU,2022-08-10 20:06:15,51.1983,136.6669,56.57,99,99,1.99
207,Weligama,LK,2022-08-10 20:06:15,5.9667,80.4167,75.79,93,41,8.1
208,Pisco,PE,2022-08-10 20:06:16,-13.7,-76.2167,63.01,77,7,10.36
209,Cordoba,AR,2022-08-10 20:05:56,-31.4135,-64.1811,65.43,42,0,21.85
210,Nguruka,TZ,2022-08-10 20:06:17,-5.1092,31.0419,70.54,36,27,3.65
211,Hanna,CA,2022-08-10 20:06:18,51.6334,-111.9018,82.65,30,100,12.53
212,Kropotkin,RU,2022-08-10 20:06:18,45.4375,40.5756,82.71,32,4,18.52
213,Umm Lajj,SA,2022-08-10 20:06:19,25.0213,37.2685,90.97,58,63,3.49
214,Ngorongoro,TZ,2022-08-10 20:06:19,-3.2397,35.4875,50.07,83,69,5.61
215,Verkhovye,RU,2022-08-10 20:06:20,52.8119,37.2425,62.8,96,99,12.1
216,Parkes,AU,2022-08-10 20:06:21,-33.1333,148.1833,50.36,70,100,1.99
217,Ketchikan,US,2022-08-10 20:02:54,55.3422,-131.6461,72.07,46,0,16.11
218,Richmond,US,2022-08-10 20:03:40,37.5538,-77.4603,91.98,75,20,3.44
219,Marrakesh,MA,2022-08-10 20:06:22,31.6315,-8.0083,91.47,27,0,6.91
220,Iracoubo,GF,2022-08-10 20:06:23,5.4802,-53.2011,83.41,74,17,10.2
221,Kargasok,RU,2022-08-10 20:06:24,59.0556,80.8572,59.56,93,97,7.99
222,Ferrol,ES,2022-08-10 20:06:25,43.4832,-8.2369,72.27,90,94,7.76
223,Lodja,CD,2022-08-10 20:06:26,-3.4833,23.4333,79.21,31,63,1.41
224,Burnie,AU,2022-08-10 20:06:27,-41.0667,145.9167,49.95,75,100,10.2
225,Patnongon,PH,2022-08-10 20:06:27,10.9132,121.9937,79.34,77,100,2.53
226,Rio Gallegos,AR,2022-08-10 20:01:41,-51.6226,-69.2181,42.1,83,100,8.25
227,Oranjestad,AW,2022-08-10 20:01:34,12.524,-70.027,81.39,86,100,22.41
228,Tecoanapa,MX,2022-08-10 20:06:29,16.5167,-98.75,85.98,67,100,9.26
229,Nelson Bay,AU,2022-08-10 20:06:30,-32.7167,152.15,53.01,100,28,1.99
230,Coahuayana,MX,2022-08-10 20:07:31,18.7333,-103.6833,90.64,56,100,6.4
231,Ilulissat,GL,2022-08-10 20:07:32,69.2167,-51.1,44.62,81,100,6.91
232,Mecca,SA,2022-08-10 20:02:49,21.4267,39.8261,90.1,60,34,10.4
233,Carlyle,US,2022-08-10 20:07:33,38.6103,-89.3726,83.12,55,2,4.0
234,Alofi,NU,2022-08-10 20:07:33,-19.0595,-169.9187,76.89,83,40,9.22
235,Ambositra,MG,2022-08-10 20:07:34,-20.5167,47.25,50.32,82,100,7.65
236,Sogne,NO,2022-08-10 20:07:35,58.0833,7.8167,67.15,83,0,1.99
237,Bairiki,KI,2022-08-10 20:07:35,1.3292,172.9752,82.4,74,40,9.22
238,Hedaru,TZ,2022-08-10 20:07:36,-4.5,37.9,66.13,86,100,1.41
239,Merauke,ID,2022-08-10 20:07:36,-8.4667,140.3333,76.1,86,76,14.67
240,Portree,GB,2022-08-10 20:07:37,57.4129,-6.1942,57.52,98,57,9.62
241,Lata,PT,2022-08-10 20:04:44,40.1629,-8.3327,66.11,83,0,3.69
242,Nouadhibou,MR,2022-08-10 20:07:38,20.931,-17.0347,75.0,73,0,26.49
243,Tiksi,RU,2022-08-10 20:04:41,71.6872,128.8694,49.03,88,10,5.44
244,Baykit,RU,2022-08-10 20:07:39,61.67,96.37,58.82,90,100,2.62
245,Kargala,RU,2022-08-10 20:07:39,56.6208,83.9607,60.12,87,0,4.79
246,Tautira,PF,2022-08-10 20:07:40,-17.7333,-149.15,76.71,75,76,12.33
247,Arman,RU,2022-08-10 20:07:41,59.7,150.1667,56.07,90,100,3.98
248,Talnakh,RU,2022-08-10 20:07:41,69.4865,88.3972,46.89,81,100,6.53
249,Yomou,GN,2022-08-10 20:07:42,7.5603,-9.2653,70.14,99,35,4.05
250,Sao Joao Da Barra,BR,2022-08-10 20:07:42,-21.6403,-41.0511,78.89,77,100,16.6
251,Charters Towers,AU,2022-08-10 20:07:43,-20.1,146.2667,54.09,87,1,7.25
252,Lucea,JM,2022-08-10 20:07:44,18.451,-78.1736,87.85,75,30,19.66
253,Mahebourg,MU,2022-08-10 20:07:44,-20.4081,57.7,70.25,72,88,20.8
254,Adre,TD,2022-08-10 20:07:45,13.4667,22.2,71.83,89,100,6.91
255,Tanout,NE,2022-08-10 20:07:45,14.9709,8.8879,93.29,33,100,8.72
256,Krasnyy Yar,RU,2022-08-10 20:07:47,46.5331,48.3456,71.53,44,0,7.07
257,Urdoma,RU,2022-08-10 20:07:47,61.7533,48.5442,52.77,92,100,3.2
258,Soyo,AO,2022-08-10 20:07:48,-6.1349,12.3689,69.06,88,25,7.23
259,Hasaki,JP,2022-08-10 20:04:59,35.7333,140.8333,79.2,91,100,15.14
260,Encruzilhada Do Sul,BR,2022-08-10 20:07:49,-30.5439,-52.5219,53.01,79,49,7.87
261,Pontes E Lacerda,BR,2022-08-10 20:04:47,-15.2261,-59.3353,75.24,22,28,8.34
262,Halifax,CA,2022-08-10 20:07:12,44.6453,-63.5724,71.69,79,69,8.99
263,Inhambane,MZ,2022-08-10 20:07:50,-23.865,35.3833,69.78,84,0,7.7
264,Bambous Virieux,MU,2022-08-10 20:07:51,-20.3428,57.7575,70.21,71,97,20.8
265,Villa Rica,US,2022-08-10 20:07:05,33.7321,-84.9191,86.23,83,100,5.28
266,Sesheke,ZM,2022-08-10 20:07:52,-17.4759,24.2968,66.78,23,0,3.27
267,Iqaluit,CA,2022-08-10 20:07:52,63.7506,-68.5145,54.7,66,2,10.0
268,Fort Nelson,CA,2022-08-10 20:07:53,58.8053,-122.7002,82.87,30,1,4.27
269,Porto De Moz,BR,2022-08-10 20:07:53,-1.7483,-52.2383,85.86,54,100,2.42
270,Cape Canaveral,US,2022-08-10 20:07:54,28.4058,-80.6048,93.27,60,0,16.11
271,Mount Gambier,AU,2022-08-10 20:07:55,-37.8333,140.7667,45.34,94,100,9.62
272,Tchibanga,GA,2022-08-10 20:07:56,-2.85,11.0333,70.12,80,6,4.12
273,Labuhan,ID,2022-08-10 20:08:56,-6.8844,112.2051,76.86,89,61,6.2
274,Szamotuly,PL,2022-08-10 20:08:57,52.612,16.5779,69.98,42,47,7.56
275,Hofn,IS,2022-08-10 20:08:57,64.2539,-15.2082,54.95,67,5,7.14
276,Natal,BR,2022-08-10 20:04:03,-5.795,-35.2094,79.45,73,0,9.22
277,Port Macquarie,AU,2022-08-10 20:09:00,-31.4333,152.9167,45.9,89,40,5.35
278,Vrangel,RU,2022-08-10 20:09:00,42.7297,133.0839,69.24,93,90,4.85
279,Wuwei,CN,2022-08-10 20:09:01,37.9281,102.6414,72.01,76,89,2.13
280,Yerbogachen,RU,2022-08-10 20:09:02,61.2767,108.0108,54.25,86,99,3.71
281,Cabo San Lucas,MX,2022-08-10 20:04:29,22.8909,-109.9124,95.61,66,40,11.5
282,Carlsbad,US,2022-08-10 20:06:14,33.1581,-117.3506,102.27,64,0,12.66
283,Vostok,RU,2022-08-10 20:09:03,46.4856,135.8833,53.85,95,67,5.73
284,Alice Springs,AU,2022-08-10 20:09:04,-23.7,133.8833,56.75,62,100,5.75
285,Cherskiy,RU,2022-08-10 20:09:04,68.75,161.3,58.01,69,0,2.93
286,Kpalime,TG,2022-08-10 20:09:05,6.9,0.6333,73.31,81,57,3.51
287,Port Lincoln,AU,2022-08-10 20:09:06,-34.7333,135.8667,50.02,82,22,20.45
288,Acajutla,SV,2022-08-10 20:09:07,13.5928,-89.8275,84.83,69,49,5.7
289,Meadville,US,2022-08-10 20:09:07,41.6414,-80.1515,81.91,53,0,5.75
290,Acapulco,MX,2022-08-10 20:09:08,16.8634,-99.8901,84.02,74,100,8.05
291,Cristinesti,RO,2022-08-10 20:09:08,48.1,26.3833,68.18,82,59,6.08
292,Vao,NC,2022-08-10 20:06:16,-22.6667,167.4833,67.68,56,60,21.54
293,Ewo,CG,2022-08-10 20:09:10,-0.8725,14.8206,82.31,47,13,3.69
294,Itambe,BR,2022-08-10 20:06:09,-15.245,-40.6244,84.27,19,0,4.32
295,Aswan,EG,2022-08-10 20:09:11,24.0934,32.907,96.94,22,79,16.89
296,Feijo,BR,2022-08-10 20:09:11,-8.1642,-70.3536,84.47,48,52,5.73
297,Hayden,US,2022-08-10 20:05:13,47.766,-116.7866,89.37,42,20,9.22
298,Rocha,UY,2022-08-10 20:09:12,-34.4833,-54.3333,53.11,71,13,7.36
299,Strathpeffer,GB,2022-08-10 20:09:14,57.588,-4.5382,64.29,77,5,5.57
300,Pangnirtung,CA,2022-08-10 20:04:45,66.1451,-65.7125,47.08,76,86,2.44
301,Lukulu,ZM,2022-08-10 20:09:15,-14.3707,23.242,63.61,18,0,4.81
302,Mae Ramat,TH,2022-08-10 20:09:15,16.984,98.5166,76.8,100,96,1.63
303,Thouars,FR,2022-08-10 20:09:16,46.976,-0.2151,82.51,26,2,7.99
304,Salalah,OM,2022-08-10 20:09:17,17.0151,54.0924,77.76,87,97,5.84
305,Vardo,NO,2022-08-10 20:08:36,70.3705,31.1107,57.18,100,75,11.5
306,Rawlins,US,2022-08-10 20:06:21,41.7911,-107.2387,89.49,13,0,5.75
307,Cap Malheureux,MU,2022-08-10 20:09:20,-19.9842,57.6142,70.47,59,92,15.01
308,College,US,2022-08-10 20:09:21,64.8569,-147.8028,59.32,63,40,3.44
309,Harper,LR,2022-08-10 20:07:26,4.375,-7.7169,75.72,79,100,9.37
310,Gamba,GA,2022-08-10 20:09:22,-2.65,10.0,69.89,92,4,5.39
311,Makinsk,KZ,2022-08-10 20:09:22,52.6292,70.4169,59.49,69,78,8.01
312,Songkhla,TH,2022-08-10 20:09:22,6.8333,100.6667,77.05,93,100,3.62
313,Ahlat,TR,2022-08-10 20:09:23,38.7518,42.4814,67.8,35,0,4.76
314,Kavieng,PG,2022-08-10 20:09:23,-2.5744,150.7967,79.3,80,100,1.9
315,Ratnagiri,IN,2022-08-10 20:09:24,16.9833,73.3,78.76,87,100,21.14
316,Ayr,GB,2022-08-10 20:09:25,55.4627,-4.6339,66.18,63,0,0.0
317,Marsa Matruh,EG,2022-08-10 20:09:25,31.3525,27.2453,78.78,71,0,11.12
318,Shu,KZ,2022-08-10 20:09:26,43.5983,73.7614,70.25,54,3,2.35
319,Hambantota,LK,2022-08-10 20:09:26,6.1241,81.1185,77.5,82,70,18.07
320,Careiro Da Varzea,BR,2022-08-10 20:10:27,-3.2003,-59.8119,93.83,28,13,5.26
321,Zhireken,RU,2022-08-10 20:10:27,52.8249,117.3076,48.85,96,24,3.85
322,Nemuro,JP,2022-08-10 20:10:28,43.3236,145.575,65.79,98,70,10.31
323,Cap-Aux-Meules,CA,2022-08-10 20:10:28,47.3821,-61.8597,64.54,80,48,12.95
324,Jaisalmer,IN,2022-08-10 20:10:29,26.9147,70.9181,90.97,57,85,7.05
325,Coquimbo,CL,2022-08-10 20:10:29,-29.9533,-71.3436,60.53,72,0,10.36
326,Poum,NC,2022-08-10 20:10:30,-20.2333,164.0167,69.17,59,0,21.9
327,Erdenet,MN,2022-08-10 20:10:30,49.0333,104.0833,51.57,94,88,5.61
328,Verkh-Usugli,RU,2022-08-10 20:10:31,52.7,115.1667,51.22,90,100,4.59
329,Chyhyryn,UA,2022-08-10 20:10:31,49.0838,32.6555,68.23,73,100,14.41
330,Tuzamapan,MX,2022-08-10 20:10:32,19.4,-96.85,83.26,50,100,6.62
331,Erenhot,CN,2022-08-10 20:10:32,43.6475,111.9767,71.98,51,0,6.8
332,Chandauli,IN,2022-08-10 20:10:33,25.2667,83.2667,81.34,80,77,14.36
333,Majene,ID,2022-08-10 20:10:33,-3.5403,118.9707,75.76,88,100,7.94
334,Saint George,US,2022-08-10 20:06:44,37.1041,-113.5841,96.8,33,0,6.91
335,Sisimiut,GL,2022-08-10 20:10:34,66.9395,-53.6735,43.5,85,100,4.94
336,Nome,US,2022-08-10 20:10:35,64.5011,-165.4064,49.15,93,100,11.5
337,Karratha,AU,2022-08-10 20:10:36,-20.7377,116.8463,61.93,28,0,12.71
338,Uyuni,BO,2022-08-10 20:10:37,-20.4597,-66.825,51.03,8,0,11.14
339,Phuthaditjhaba,ZA,2022-08-10 20:10:37,-28.5242,28.8158,52.14,32,22,3.13
340,Kaitangata,NZ,2022-08-10 20:10:38,-46.2817,169.8464,36.52,87,97,0.72
341,Fuerte Olimpo,PY,2022-08-10 20:10:38,-21.0415,-57.8738,68.95,38,0,6.71
342,Ancud,CL,2022-08-10 20:10:39,-41.8697,-73.8203,51.22,94,100,15.5
343,Soto La Marina,MX,2022-08-10 20:10:39,23.7667,-98.2167,96.78,29,95,15.37
344,Tuatapere,NZ,2022-08-10 20:10:40,-46.1333,167.6833,34.03,92,21,4.45
345,Dakar,SN,2022-08-10 20:10:41,14.6937,-17.4441,83.28,78,98,13.09
346,Zaragoza,ES,2022-08-10 20:10:42,41.6561,-0.8773,95.45,34,20,5.75
347,Lindi,TZ,2022-08-10 20:10:42,-10.0,39.7167,68.41,88,85,3.98
348,Ust-Kan,RU,2022-08-10 20:10:43,50.9276,84.761,53.67,77,36,4.43
349,Nago,JP,2022-08-10 20:10:43,26.5881,127.9761,79.23,80,6,4.25
350,Thai Binh,VN,2022-08-10 20:10:45,20.45,106.3333,75.54,97,100,15.99
351,Nanchang,CN,2022-08-10 20:10:45,28.6833,115.8833,84.2,62,68,4.47
352,Troitsko-Pechorsk,RU,2022-08-10 20:10:46,62.7084,56.1964,56.95,77,100,6.29
353,Atambua,ID,2022-08-10 20:09:54,-9.1061,124.8925,69.85,80,80,3.87
354,Sakakah,SA,2022-08-10 20:10:47,29.9697,40.2064,95.9,23,0,10.76
355,Dubbo,AU,2022-08-10 20:10:47,-32.25,148.6167,50.13,81,93,11.5
356,Fier,AL,2022-08-10 20:10:48,40.7239,19.5561,75.33,73,30,2.82
357,Rio Claro,BR,2022-08-10 20:10:48,-22.4114,-47.5614,60.82,48,5,16.82
358,Urengoy,RU,2022-08-10 20:10:49,65.9667,78.3667,53.15,66,100,7.85
359,Lehre,DE,2022-08-10 20:10:50,52.3333,10.6667,73.17,55,6,2.3
360,Isiro,CD,2022-08-10 20:10:51,2.7739,27.616,68.11,91,100,0.54
361,Kualakapuas,ID,2022-08-10 20:07:20,-3.0091,114.3876,73.63,96,100,2.59
362,Zaria,NG,2022-08-10 20:10:51,11.1113,7.7227,73.17,88,97,9.46
363,Nuristan,AF,2022-08-10 20:10:52,35.3,70.8333,50.79,71,0,1.66
364,Porto Novo,BJ,2022-08-10 20:10:52,6.4965,2.6036,75.11,84,38,8.37
365,Burgeo,CA,2022-08-10 20:10:53,47.6167,-57.6152,62.42,75,39,9.42
366,Punta De Piedra,VE,2022-08-10 20:10:54,7.6176,-71.4916,74.77,95,100,3.47
367,Padang,ID,2022-08-10 20:10:54,-0.9492,100.3543,77.47,84,15,3.42
368,Port Elizabeth,ZA,2022-08-10 20:10:55,-33.918,25.5701,57.31,93,64,3.0
369,Ugoofaaru,MV,2022-08-10 20:10:55,5.6667,73.0,80.96,84,41,15.7
370,Whitehorse,CA,2022-08-10 20:10:41,60.7161,-135.0538,51.31,71,100,5.99
371,Tamuin,MX,2022-08-10 20:11:56,21.9833,-98.75,97.2,33,18,7.74
372,Miri,MY,2022-08-10 20:11:57,4.4148,114.0089,76.87,90,97,3.71
373,Kiunga,PG,2022-08-10 20:11:58,-6.1219,141.2906,73.11,99,99,2.13
374,Champasak,LA,2022-08-10 20:11:59,14.75,106.0,72.63,100,100,0.98
375,Ambulu,ID,2022-08-10 20:11:59,-8.345,113.6058,74.5,93,87,3.15
376,Batagay-Alyta,RU,2022-08-10 20:12:00,67.8006,130.4114,56.97,71,24,0.45
377,Tirthahalli,IN,2022-08-10 20:12:01,13.7,75.2333,69.55,93,100,13.27
378,Norman Wells,CA,2022-08-10 20:07:30,65.282,-126.8329,50.83,73,100,10.67
379,Carrollton,US,2022-08-10 20:12:02,32.9537,-96.8903,102.81,41,75,5.75
380,Skjervoy,NO,2022-08-10 20:12:03,70.0311,20.9714,57.2,89,100,8.16
381,Capuluan,PH,2022-08-10 20:12:03,13.8147,122.5181,76.68,92,100,2.53
382,Artyom,AZ,2022-08-10 20:12:04,40.4723,50.333,73.54,66,0,6.93
383,Anadyr,RU,2022-08-10 20:12:04,64.75,177.4833,62.49,67,8,7.34
384,Oyek,RU,2022-08-10 20:12:05,52.5861,104.4556,52.18,93,1,3.13
385,Port Hardy,CA,2022-08-10 20:12:07,50.6996,-127.4199,62.92,81,100,6.31
386,Kalianget,ID,2022-08-10 20:12:07,-7.05,113.9333,80.31,81,70,10.27
387,Comodoro Rivadavia,AR,2022-08-10 20:09:56,-45.8667,-67.5,60.66,36,0,13.8
388,Guangyuan,CN,2022-08-10 20:12:09,32.442,105.823,77.43,88,87,2.59
389,Talara,PE,2022-08-10 20:12:09,-4.5772,-81.2719,74.16,64,0,12.66
390,Christchurch,NZ,2022-08-10 20:12:10,-43.5333,172.6333,39.9,88,100,12.66
391,Isetskoye,RU,2022-08-10 20:12:10,56.4858,65.3226,62.69,90,90,5.21
392,Lumut,MY,2022-08-10 20:12:11,4.2323,100.6298,78.24,83,98,3.33
393,Anshun,CN,2022-08-10 20:12:13,26.25,105.9333,65.82,93,100,2.51
394,Bosobolo,CD,2022-08-10 20:12:14,4.1833,19.9,71.62,94,100,2.35
395,Sao Luis De Montes Belos,BR,2022-08-10 20:12:14,-16.525,-50.3722,81.43,24,100,6.4
396,Bose,IT,2022-08-10 20:12:15,45.4612,8.0137,76.59,88,59,8.57
397,Cravinhos,BR,2022-08-10 20:12:15,-21.3403,-47.7294,61.52,45,18,11.5
398,Pacific Grove,US,2022-08-10 20:12:16,36.6177,-121.9166,81.55,68,0,12.66
399,Henties Bay,NA,2022-08-10 20:12:03,-22.116,14.2845,54.43,89,0,7.96
400,Daguma,PH,2022-08-10 20:12:17,6.5867,124.5472,75.52,91,87,0.72
401,Kholuy,RU,2022-08-10 20:12:18,56.575,41.8692,59.52,74,86,4.38
402,Souillac,MU,2022-08-10 20:12:18,-20.5167,57.5167,67.28,74,66,19.46
403,Meadow Lake,US,2022-08-10 20:12:19,34.8014,-106.5436,86.4,38,87,0.6
404,Jardim,BR,2022-08-10 20:12:19,-21.4803,-56.1381,64.87,49,0,8.7
405,Abu Dhabi,AE,2022-08-10 20:12:20,24.4667,54.3667,90.97,86,20,10.69
406,Lianyuan,CN,2022-08-10 20:12:21,27.6883,111.6642,79.84,71,91,0.58
407,Alice,US,2022-08-10 20:12:22,27.7523,-98.0697,100.29,34,20,9.22
408,Senekal,ZA,2022-08-10 20:12:22,-28.3197,27.6208,53.2,36,0,3.62
409,Albacete,ES,2022-08-10 20:12:23,38.8333,-2.0,81.41,34,0,8.05
410,Odessa,UA,2022-08-10 20:12:15,46.4775,30.7326,71.92,60,96,21.23
411,Sheridan,US,2022-08-10 20:12:24,44.8333,-106.9173,101.46,23,0,10.36
412,Marmande,FR,2022-08-10 20:12:24,44.5,0.1667,82.6,37,0,6.33
413,Ladario,BR,2022-08-10 20:12:26,-19.0047,-57.6017,70.09,43,0,9.22
414,The Valley,AI,2022-08-10 20:12:27,18.217,-63.0578,85.82,78,93,17.29
415,Sundsvall,SE,2022-08-10 20:12:27,62.3913,17.3063,61.97,80,0,0.0
416,Aklavik,CA,2022-08-10 20:12:28,68.2191,-135.0107,56.73,40,22,4.36
417,Koungou,YT,2022-08-10 20:12:28,-12.7336,45.2042,73.11,83,20,3.44
418,Vestmannaeyjar,IS,2022-08-10 20:13:29,63.4427,-20.2734,51.28,81,99,9.82
419,Beterou,BJ,2022-08-10 20:13:29,9.1992,2.2586,73.33,94,62,3.89
420,Grand Gaube,MU,2022-08-10 20:13:30,-20.0064,57.6608,70.38,59,93,15.01
421,San Jeronimo,PE,2022-08-10 20:13:31,-11.9472,-75.2829,59.27,49,51,5.53
422,Machilipatnam,IN,2022-08-10 20:13:31,16.1667,81.1333,83.79,66,100,15.64
423,Okato,NZ,2022-08-10 20:13:35,-39.2,173.8833,38.68,79,6,11.23
424,Kholtoson,RU,2022-08-10 20:13:36,50.2981,103.3097,46.76,94,36,2.15
425,Camopi,GF,2022-08-10 20:13:37,3.1655,-52.3158,85.75,61,96,1.7
426,Ouesso,CG,2022-08-10 20:13:37,1.6136,16.0517,78.08,68,99,2.77
427,Jackson,US,2022-08-10 20:09:01,42.4165,-122.8345,82.04,36,0,5.75
428,Banjar,ID,2022-08-10 20:13:38,-8.19,114.9675,75.16,91,29,4.41
429,Oksovskiy,RU,2022-08-10 20:13:39,62.6062,39.8984,53.47,75,16,3.71
430,Raudeberg,NO,2022-08-10 20:13:40,61.9875,5.1352,59.67,81,100,33.6
431,Zelenoborsk,RU,2022-08-10 20:13:41,61.4669,64.0333,63.5,52,76,8.77
432,Andenes,NO,2022-08-10 20:13:41,69.3143,16.1194,55.92,94,75,17.27
433,Sobolevo,RU,2022-08-10 20:13:42,54.4299,31.8996,61.5,71,96,8.72
434,Waqqas,JO,2022-08-10 20:13:43,32.5427,35.6053,82.63,72,1,7.61
435,Bud,US,2022-08-10 20:13:43,39.447,-86.1758,84.67,64,77,2.57
436,Oksfjord,NO,2022-08-10 20:13:44,70.2396,22.3479,57.99,87,100,6.22
437,Waipawa,NZ,2022-08-10 20:13:45,-41.4122,175.5153,41.07,80,100,7.43
438,La Ronge,CA,2022-08-10 20:13:46,55.1001,-105.2842,63.54,47,26,5.75
439,Manta,EC,2022-08-10 20:13:47,-0.95,-80.7333,80.38,69,75,6.91
440,Shingu,JP,2022-08-10 20:13:47,33.7333,135.9833,79.03,90,100,1.03
441,Catamarca,AR,2022-08-10 20:13:47,-28.4696,-65.7852,73.58,34,81,7.0
442,Riyadh,SA,2022-08-10 20:13:48,24.6877,46.7219,104.14,13,77,12.06
443,Karangsembung,ID,2022-08-10 20:13:49,-6.8487,108.6422,76.59,87,97,7.02
444,Saint Anthony,US,2022-08-10 20:13:49,45.0205,-93.218,86.49,47,75,12.66
445,Saint-Joseph,RE,2022-08-10 20:13:50,-21.3667,55.6167,66.58,73,24,15.88
446,Kourou,GF,2022-08-10 20:13:51,5.1552,-52.6478,85.1,74,53,8.46
447,Trojes,AL,2022-08-10 20:13:51,41.756,19.962,79.56,67,73,8.93
448,Balkanabat,TM,2022-08-10 20:13:52,39.5108,54.3671,86.9,33,0,7.47
449,Sayansk,RU,2022-08-10 20:13:52,54.1088,102.1648,54.03,93,93,2.42
450,Sanchor,IN,2022-08-10 20:13:53,24.7553,71.7722,84.04,79,90,3.65
451,Port-Cartier,CA,2022-08-10 20:13:53,50.0334,-66.8654,66.74,66,7,11.21
452,Kalmunai,LK,2022-08-10 20:13:54,7.4167,81.8167,78.67,81,92,4.45
453,Namatanai,PG,2022-08-10 20:13:54,-3.6667,152.4333,78.53,83,99,4.47
454,San Policarpo,PH,2022-08-10 20:13:55,12.1791,125.5072,77.38,88,28,4.32
455,Qandala,SO,2022-08-10 20:13:56,11.472,49.8728,89.29,52,98,6.6
456,Itigi,TZ,2022-08-10 20:13:58,-5.7,34.4833,67.5,45,15,9.33
457,San Quintin,MX,2022-08-10 20:09:29,30.4833,-115.95,79.38,64,48,14.16
458,Awbari,LY,2022-08-10 20:13:59,26.5921,12.7805,89.65,20,0,8.84
459,Lazo,RU,2022-08-10 20:13:59,43.3817,133.9014,61.23,88,89,2.98
460,Broome,US,2022-08-10 20:09:52,42.2506,-75.833,79.66,58,75,9.22
461,Carutapera,BR,2022-08-10 20:15:03,-1.195,-46.02,81.52,75,58,8.93
462,Emerald,AU,2022-08-10 20:15:04,-23.5333,148.1667,51.37,92,4,6.17
463,Sawakin,SD,2022-08-10 20:15:04,19.1059,37.3321,95.47,53,64,5.41
464,Khani,GE,2022-08-10 20:15:05,41.9563,42.9566,65.77,67,9,4.74
465,Shaunavon,CA,2022-08-10 20:15:05,49.6501,-108.4181,85.1,25,99,16.78
466,Hobyo,SO,2022-08-10 20:15:06,5.3505,48.5268,76.73,82,82,22.5
467,Leshukonskoye,RU,2022-08-10 20:15:06,64.8989,45.7622,59.07,61,97,4.09
468,Guiratinga,BR,2022-08-10 20:15:07,-16.3494,-53.7583,73.89,21,100,10.58
469,Chicama,PE,2022-08-10 20:15:07,-7.8447,-79.1469,61.34,66,57,9.48
470,Iquique,CL,2022-08-10 20:13:59,-20.2208,-70.1431,60.84,69,37,2.66
471,Chumikan,RU,2022-08-10 20:15:08,54.7183,135.315,53.35,97,100,9.22
472,Pitimbu,BR,2022-08-10 20:15:10,-7.4706,-34.8086,79.39,76,5,10.51
473,Woodward,US,2022-08-10 20:15:10,36.4337,-99.3904,96.96,33,0,6.91
474,Srednekolymsk,RU,2022-08-10 20:15:11,67.45,153.6833,64.49,64,21,5.37
475,Taltal,CL,2022-08-10 20:15:12,-25.4,-70.4833,63.18,67,23,5.53
476,Salamiyah,SY,2022-08-10 20:15:13,35.0113,37.0532,73.99,74,0,18.25
477,Singleton,AU,2022-08-10 20:15:14,-32.5667,151.1833,46.98,89,88,0.11
478,Aloleng,PH,2022-08-10 20:15:14,16.1307,119.7824,79.99,80,100,8.01
479,Joshimath,IN,2022-08-10 20:11:10,30.5667,79.5667,72.77,98,100,3.87
480,Hailey,US,2022-08-10 20:15:15,43.5196,-114.3153,76.86,47,100,0.0
481,Husainabad,IN,2022-08-10 20:15:16,24.5333,84.0167,78.01,92,92,3.2
482,Sabang,ID,2022-08-10 20:15:17,5.8933,95.3214,81.95,75,98,16.13
483,Killin,US,2022-08-10 20:15:18,33.6123,-91.7412,87.89,58,0,4.61
484,Kahului,US,2022-08-10 20:15:19,20.8947,-156.47,87.82,63,20,23.02
485,Andros Town,BS,2022-08-10 20:15:20,24.7,-77.7667,91.36,70,9,14.81
486,Codrington,AU,2022-08-10 20:15:20,-38.2667,141.9667,47.64,93,100,11.83
487,Iberia,US,2022-08-10 20:15:21,29.9502,-91.7507,85.98,78,100,3.44
488,Klaksvik,FO,2022-08-10 20:11:38,62.2266,-6.589,52.72,83,2,23.04
489,Frontera,MX,2022-08-10 20:11:55,26.9333,-101.45,96.33,34,2,5.01
490,Drayton Valley,CA,2022-08-10 20:15:13,53.2168,-114.9854,74.01,65,90,4.92
491,Hauterive,FR,2022-08-10 20:15:24,46.0901,3.4459,79.56,34,1,3.6
492,Coihaique,CL,2022-08-10 20:15:25,-45.5752,-72.0662,49.95,66,75,6.91
493,Mackay,AU,2022-08-10 20:15:26,-21.15,149.2,58.68,73,70,11.1
494,Dukat,RU,2022-08-10 20:15:26,62.55,155.55,50.94,89,100,5.57
495,Bonavista,CA,2022-08-10 20:15:27,48.6499,-53.1147,57.6,75,93,11.12
496,Ascension,US,2022-08-10 20:15:27,30.2169,-90.9001,87.01,77,0,6.91
497,Haines Junction,CA,2022-08-10 20:15:28,60.7522,-137.5108,46.17,94,100,4.29
498,Chabahar,IR,2022-08-10 20:15:29,25.2919,60.643,83.07,85,100,4.47
499,Broken Hill,AU,2022-08-10 20:15:29,-31.95,141.4333,51.91,73,100,20.8
500,Stornoway,GB,2022-08-10 20:15:30,58.2093,-6.3865,59.04,92,75,13.8
501,Flin Flon,CA,2022-08-10 20:15:08,54.7682,-101.865,69.67,37,0,5.95
502,Puerto Madero,MX,2022-08-10 20:15:31,14.7208,-92.4215,91.6,66,75,5.75
503,Petropavlovsk-Kamchatskiy,RU,2022-08-10 20:14:09,53.0452,158.6483,55.78,100,75,0.0
504,Avera,US,2022-08-10 20:15:32,33.194,-82.5271,90.91,49,100,6.33
505,Kaseda,JP,2022-08-10 20:15:33,31.4167,130.3167,81.01,84,67,0.92
506,San Pedro,PH,2022-08-10 20:16:35,14.35,121.0167,80.35,90,75,1.14
507,Abha,SA,2022-08-10 20:16:36,18.2164,42.5053,69.62,88,93,6.91
508,Humaita,BR,2022-08-10 20:16:36,-7.5061,-63.0208,89.89,42,59,4.03
509,San Patricio,US,2022-08-10 20:16:35,28.017,-97.5169,100.17,34,11,14.9
510,Kloulklubed,PW,2022-08-10 20:16:37,7.0419,134.2556,82.53,73,28,4.83
511,Benalla,AU,2022-08-10 20:16:38,-36.55,145.9833,51.85,88,100,8.23
512,Camocim,BR,2022-08-10 20:16:38,-2.9022,-40.8411,83.3,64,6,18.88
513,Sao Sebastiao,BR,2022-08-10 20:12:39,-23.76,-45.4097,69.44,47,0,15.03
514,Murgab,TM,2022-08-10 20:16:39,37.4966,61.9714,76.01,21,0,8.95
515,Alexandria,EG,2022-08-10 20:15:12,31.2156,29.9553,79.83,70,0,7.05
516,Vila Velha,BR,2022-08-10 20:16:40,-20.3297,-40.2925,80.55,76,0,20.71
517,Pangkalanbuun,ID,2022-08-10 20:16:41,-2.6833,111.6167,74.66,98,99,2.51
518,Quatre Cocos,MU,2022-08-10 20:16:41,-20.2078,57.7625,70.09,70,95,20.74
519,Farafangana,MG,2022-08-10 20:16:42,-22.8167,47.8333,67.77,75,100,10.65
520,Santa Rita,BR,2022-08-10 20:14:04,-7.1139,-34.9781,79.47,78,20,13.8
521,Dunedin,NZ,2022-08-10 20:16:43,-45.8742,170.5036,39.79,81,100,1.01
522,Jurm,AF,2022-08-10 20:16:43,36.8648,70.8342,64.69,47,0,0.09
523,Sao Luiz Gonzaga,BR,2022-08-10 20:16:44,-28.4083,-54.9608,57.63,72,1,7.67
524,Hailar,CN,2022-08-10 20:16:42,49.2,119.7,56.77,76,100,6.64
525,Teya,RU,2022-08-10 20:12:40,60.3778,92.6267,55.6,98,13,2.82
526,Beisfjord,NO,2022-08-10 20:16:48,68.3751,17.5988,61.05,96,100,5.3
527,Nishihara,JP,2022-08-10 20:16:49,26.1842,127.7558,81.68,83,0,3.44
528,Vredendal,ZA,2022-08-10 20:16:49,-31.6683,18.5012,55.45,85,100,4.59
529,Beira,MZ,2022-08-10 20:16:50,-19.8436,34.8389,71.69,88,20,9.22
530,Lasa,IT,2022-08-10 20:16:50,46.6166,10.7002,68.36,86,51,1.68
531,Faanui,PF,2022-08-10 20:13:34,-16.4833,-151.75,76.95,72,0,4.05
532,La Gomera,GT,2022-08-10 20:16:51,14.0833,-91.05,91.11,65,73,5.77
533,Zhezkazgan,KZ,2022-08-10 20:16:52,47.8043,67.7144,65.86,67,53,8.43
534,Okha,RU,2022-08-10 20:16:52,53.5739,142.9478,56.12,86,38,6.22
535,Luderitz,NA,2022-08-10 20:15:05,-26.6481,15.1594,56.89,73,41,12.86
536,San Vicente,AR,2022-08-10 20:16:55,-26.6167,-54.1333,53.17,79,82,4.65
537,Sal Rei,CV,2022-08-10 20:16:55,16.1833,-22.9167,77.97,80,97,13.82
538,Le Port,RE,2022-08-10 20:16:56,-20.9373,55.2919,68.25,57,38,6.55
539,Dedza,MW,2022-08-10 20:13:16,-14.3779,34.3332,57.33,45,0,2.24
540,Cranbrook,CA,2022-08-10 20:16:57,49.4999,-115.7688,70.23,52,100,1.25
541,Udagamandalam,IN,2022-08-10 20:16:57,11.4,76.7,50.47,84,88,5.03
542,Havre,FR,2022-08-10 20:16:58,49.5833,0.3333,75.6,64,0,11.5
543,Penukonda,IN,2022-08-10 20:16:59,14.0833,77.5833,71.28,74,70,15.55
544,Dali,CN,2022-08-10 20:14:37,25.7,100.1833,63.54,74,40,0.56
545,Caravelas,BR,2022-08-10 20:16:59,-17.7125,-39.2481,75.09,71,9,14.29
546,Coos Bay,US,2022-08-10 20:17:00,43.3665,-124.2179,77.31,78,0,9.22
547,Mopti,ML,2022-08-10 20:17:01,14.6667,-4.0,80.64,94,40,4.61
548,Qujing,CN,2022-08-10 20:17:01,25.4833,103.7833,62.47,92,95,3.29
549,Muzhi,RU,2022-08-10 20:17:02,65.3667,64.6667,49.69,67,49,2.57
550,Union,US,2022-08-10 20:16:03,40.6334,-74.2663,91.56,56,75,4.61
551,Grahamstown,ZA,2022-08-10 20:17:03,-33.3042,26.5328,49.64,93,68,0.67
552,Tupik,RU,2022-08-10 20:17:03,54.4253,119.9327,51.98,93,100,3.27
553,Senneterre,CA,2022-08-10 20:17:04,48.3835,-77.2328,73.81,63,95,6.64
554,Prince George,CA,2022-08-10 20:16:29,53.9166,-122.753,83.25,38,0,3.0
555,Muli,MV,2022-08-10 20:18:07,2.9167,73.5667,81.14,80,89,6.98
556,Lincoln,US,2022-08-10 20:15:57,40.8,-96.667,95.97,45,0,5.75
557,Maria La Baja,CO,2022-08-10 20:18:08,9.9832,-75.3016,86.04,77,100,6.49
